{
  "name": "blue_ransomware",
  "scenario": "ransomware",
  "iterations": 40,
  "num_steps": 48,
  "batch_size": 128,
  "env_steps": 245760,
  "wall_time_s": 62.4,
  "reward_curve": [
    0.12743,
    0.02851,
    -0.00638,
    -0.04096,
    -0.04899,
    0.02023,
    0.13029,
    0.29928,
    0.45871,
    0.58375,
    0.66127,
    0.68378,
    0.70343,
    0.72238,
    0.72965,
    0.72642,
    0.73377,
    0.73163,
    0.7274,
    0.72096,
    0.71773,
    0.71444,
    0.71048,
    0.70901,
    0.70835,
    0.70766,
    0.7068,
    0.70759,
    0.70866,
    0.70903,
    0.70842,
    0.70678,
    0.7058,
    0.70591,
    0.70597,
    0.70589,
    0.70584,
    0.70592,
    0.70472,
    0.70493
  ],
  "loss_curve": [
    1.28775,
    1.90657,
    1.85143,
    1.76252,
    0.05097,
    0.01286,
    -0.00257,
    -0.01466,
    -0.02054,
    -0.02085,
    -0.0168,
    -0.02102,
    -0.0168,
    -0.01688,
    -0.01343,
    -0.00973,
    -0.00797,
    -0.00637,
    -0.00467,
    -0.00572,
    -0.00363,
    -0.0038,
    -0.00316,
    -0.00384,
    -0.00308,
    -0.00285,
    -0.00246,
    -0.00197,
    -0.0027,
    -0.00199,
    -0.00224,
    -0.00229,
    -0.00266,
    -0.00243,
    -0.00216,
    -0.00244,
    -0.00161,
    -0.00138,
    -0.00222,
    -0.00256
  ],
  "reward_first_window": 0.06368,
  "reward_last_window": 0.70562,
  "improvement": 0.64194
}