{
  "batch": 128,
  "num_steps": 16,
  "iters": 5,
  "wall_seconds": 0.06598479999229312,
  "sec_per_iter": 0.013196959998458624,
  "rollout_sps": 155187.2552647884,
  "device": "cpu:0",
  "python": "3.14.4",
  "platform": "Windows 11"
}