{
  "backend": "legacy-pytorch",
  "scenario": "ransomware",
  "episodes": 2,
  "max_ticks": 50,
  "total_steps": 100,
  "wall_seconds": 7.145378999994136,
  "sps_mean": 14.401013742326253,
  "sps_median": 14.401013742326253,
  "sps_min": 13.075012234304477,
  "sps_max": 15.72701525034803,
  "python": "3.12.10",
  "platform": "Windows 11"
}